<?xml version="1.0"?>
<items>
  <its:rules xmlns:its="http://www.w3.org/2005/11/its" version="1.0">
    <its:translateRule selector="//item/@name" translate="yes"/>
    <its:translateRule selector="//item/@description" translate="yes"/>
    <its:translateRule selector="//item/@effect" translate="yes"/>
    <its:translateRule selector="//*" translate="no"/>
  </its:rules>
  <item id="793" image="equipment/chest/bromenalchest.png" name="Bromenal Chest" description="A bromenal chest armor." mattack="-170" type="equip-torso" weight="2000" defense="25" sellProtected="true">
    <sprite gender="unisex">equipment/chest/bromenalchest.xml|#fbf5e9</sprite>
    <sprite gender="female">equipment/chest/bromenalchest-female.xml|#fbf5e9</sprite>
  </item>
</items>
