<?xml version="1.0"?>
<items>
  <its:rules xmlns:its="http://www.w3.org/2005/11/its" version="1.0">
    <its:translateRule selector="//item/@name" translate="yes"/>
    <its:translateRule selector="//item/@description" translate="yes"/>
    <its:translateRule selector="//item/@effect" translate="yes"/>
    <its:translateRule selector="//*" translate="no"/>
  </its:rules>
  <item id="2074" image="equipment/chest/tnecksweater.png|W:#16486e,498ec5,e4f2fc" name="Light Blue Turtleneck Sweater" description="A thick, soft and warm light blue sweater." mattack="-12" type="equip-torso" defense="6" weight="35">
    <sprite gender="unisex">equipment/chest/tnecksweater.xml|#214d6e,4c9bc5,a2cade,e4f2fc</sprite>
    <sprite gender="female">equipment/chest/tnecksweater-female.xml|#214d6e,4c9bc5,a2cade,e4f2fc</sprite>
  </item>
</items>
