<?xml version="1.0"?>
<items>
  <its:rules xmlns:its="http://www.w3.org/2005/11/its" version="1.0">
    <its:translateRule selector="//item/@name" translate="yes"/>
    <its:translateRule selector="//item/@description" translate="yes"/>
    <its:translateRule selector="//item/@effect" translate="yes"/>
    <its:translateRule selector="//*" translate="no"/>
  </its:rules>
  <item id="653" image="equipment/chest/silk-robe.png|W:#804000" name="Apprentice Robe" description="A robe made for apprentices." defense="5" type="equip-torso" weight="5">
    <sprite gender="unisex">equipment/chest/robe.xml|#804000</sprite>
    <sprite gender="female">equipment/chest/robe-female.xml|#804000</sprite>
    <replace sprite="race">
      <item from="-100" to="-99100"/>
      <item from="-101" to="-99101"/>
      <item from="-102" to="-99102"/>
      <item from="-103" to="-99103"/>
      <item from="-104" to="-99104"/>
      <item from="-105" to="-99105"/>
    </replace>
  </item>
</items>
