<?xml version="1.0"?>
<items>
  <its:rules xmlns:its="http://www.w3.org/2005/11/its" version="1.0">
    <its:translateRule selector="//item/@name" translate="yes"/>
    <its:translateRule selector="//item/@description" translate="yes"/>
    <its:translateRule selector="//item/@effect" translate="yes"/>
    <its:translateRule selector="//*" translate="no"/>
  </its:rules>
  <item id="5109" image="equipment/chest/sorcerer-robe.png|W:#87876c,bbc39c,edf4e1,ffffff;R:#EFEFEF" name="Sorcerer Robe (White)" description="A Dark Green lined sorcerer robe." mattack="20" type="equip-torso" defense="5" agi="1" weight="30" sellProtected="true">
    <sprite gender="unisex">equipment/chest/sorcerer-robe.xml|#87876c,bbc39c,edf4e1,ffffff;#EFEFEF</sprite>
    <sprite gender="female">equipment/chest/sorcerer-robe-female.xml|#87876c,bbc39c,edf4e1,ffffff;#EFEFEF</sprite>
    <replace sprite="pants">
      <item from="1172" to="648"/>
    </replace>
    <replace sprite="race">
      <item from="-100" to="-99100"/>
      <item from="-101" to="-99101"/>
      <item from="-102" to="-99102"/>
      <item from="-103" to="-99103"/>
      <item from="-104" to="-99104"/>
      <item from="-105" to="-99105"/>
    </replace>
  </item>
</items>
