<?xml version="1.0"?>
<!-- This file is used by the manaplus client, not by the mana client -->
<maps>
  <!-- Desert Outdoors-->
  <map name="001-1.tmx">
    <atlas name="desert"/>
  </map>
  <map name="002-1.tmx">
    <atlas name="desert"/>
  </map>
  <map name="006-1.tmx">
    <atlas name="desert"/>
  </map>
  <!-- Woodland -->
  <map name="007-1.tmx">
    <atlas name="woodland"/>
  </map>
  <map name="008-1.tmx">
    <atlas name="woodland"/>
  </map>
  <map name="009-1.tmx">
    <atlas name="woodland"/>
  </map>
  <map name="010-1.tmx">
    <atlas name="woodland"/>
  </map>
  <map name="011-1.tmx">
    <atlas name="woodland"/>
  </map>
  <map name="012-1.tmx">
    <atlas name="woodland"/>
  </map>
  <map name="013-1.tmx">
    <atlas name="woodland"/>
  </map>
  <map name="014-1.tmx">
    <atlas name="woodland"/>
  </map>
  <map name="015-1.tmx">
    <atlas name="woodland"/>
  </map>
  <map name="016-1.tmx">
    <atlas name="woodland"/>
  </map>
  <map name="017-1.tmx">
    <atlas name="woodland"/>
  </map>
  <map name="018-1.tmx">
    <atlas name="woodland"/>
  </map>
  <map name="025-1.tmx">
    <atlas name="woodland"/>
  </map>
  <map name="026-1.tmx">
    <atlas name="woodland"/>
  </map>
  <map name="027-1.tmx">
    <atlas name="woodland"/>
  </map>
  <map name="028-1.tmx">
    <atlas name="woodland"/>
  </map>
  <map name="029-1.tmx">
    <atlas name="tropical"/>
  </map>
  <map name="052-1.tmx">
    <atlas name="woodland"/>
  </map>
  <map name="055-1.tmx">
    <atlas name="woodland"/>
  </map>
  <map name="057-1.tmx">
    <atlas name="woodland"/>
  </map>
  <!-- Snow -->
  <map name="019-1.tmx">
    <atlas name="snow"/>
  </map>
  <map name="020-1.tmx">
    <atlas name="snow"/>
  </map>
  <map name="031-1.tmx">
    <atlas name="snow"/>
  </map>
  <map name="033-1.tmx">
    <atlas name="snow"/>
  </map>
  <map name="034-1.tmx">
    <atlas name="snow"/>
  </map>
  <map name="045-1.tmx">
    <atlas name="snow"/>
  </map>
  <map name="046-1.tmx">
    <atlas name="snow"/>
  </map>
  <map name="047-1.tmx">
    <atlas name="snow"/>
  </map>
  <!-- Desert & Woodland -->
  <map name="051-1.tmx">
    <atlas name="illia"/>
  </map>
  <!-- Ships -->
  <map name="017-9.tmx">
    <atlas name="ship"/>
  </map>
  <map name="035-2.tmx">
    <atlas name="ship"/>
  </map>
  <map name="036-2.tmx">
    <atlas name="ship"/>
  </map>
  <!-- Desert Indoors -->
  <map name="001-2.tmx">
    <atlas name="interiordesert"/>
  </map>
  <map name="002-2.tmx">
    <atlas name="interiordesert"/>
  </map>
  <map name="006-2.tmx">
    <atlas name="interiordesert"/>
  </map>
  <!-- Woodland Interiors -->
  <map name="007-2.tmx">
    <atlas name="interiorwoodland"/>
  </map>
  <!-- map name="008-2.tmx">
    <atlas name="interiorwoodland"/>
  </map -->
  <map name="009-2.tmx">
    <atlas name="interiorwoodland"/>
  </map>
  <map name="009-7.tmx">
    <atlas name="interiorwoodland"/>
  </map>
  <map name="009-8.tmx">
    <atlas name="interiorwoodland"/>
  </map>
  <map name="010-2.tmx">
    <atlas name="interiorwoodland"/>
  </map>
  <!-- map name="011-2.tmx">
    <atlas name="interiorwoodland"/>
  </map -->
  <!-- map name="012-2.tmx">
    <atlas name="interiorwoodland"/>
  </map -->
  <map name="013-2.tmx">
    <atlas name="interiorwoodland"/>
  </map>
  <!-- map name="014-2.tmx">
    <atlas name="interiorwoodland"/>
  </map -->
  <!-- map name="015-2.tmx">
    <atlas name="interiorwoodland"/>
  </map -->
  <map name="016-2.tmx">
    <atlas name="interiorwoodland"/>
  </map>
  <map name="017-2.tmx">
    <atlas name="interiorwoodland"/>
  </map>
  <map name="018-2.tmx">
    <atlas name="interiorwoodland"/>
  </map>
  <!-- map name="025-2.tmx">
    <atlas name="interiorwoodland"/>
  </map -->
  <map name="026-2.tmx">
    <atlas name="interiorwoodland"/>
  </map>
  <map name="027-2.tmx">
    <atlas name="crypt"/>
  </map>
  <!-- map name="028-2.tmx">
    <atlas name="interiorwoodland"/>
  </map -->
  <map name="029-2.tmx">
    <atlas name="interiordesert"/>
  </map>
  <map name="052-2.tmx">
    <atlas name="interiorwoodland"/>
  </map>
  <!-- map name="055-2.tmx">
    <atlas name="interiorwoodland"/>
  </map -->
  <map name="056-2.tmx">
    <atlas name="interiorwoodland"/>
  </map>
  <!-- map name="057-2.tmx">
    <atlas name="interiorwoodland"/>
  </map -->
  <!-- Snow Interiors -->
  <map name="020-2.tmx">
    <atlas name="interiorsnow"/>
  </map>
  <map name="030-2.tmx">
    <atlas name="interiorsnow"/>
  </map>
  <map name="031-2.tmx">
    <atlas name="interiorsnow"/>
  </map>
  <!-- Mana Battery Room -->
  <map name="030-4.tmx">
    <atlas name="interiorsnow"/>
  </map>
  <map name="034-2.tmx">
    <atlas name="interiorsnow"/>
  </map>
  <map name="047-3.tmx">
    <atlas name="snowunderground"/>
  </map>
  <map name="048-2.tmx">
    <atlas name="interiorsnow"/>
  </map>
  <!-- PvP Undergrounds -->
  <map name="001-3.tmx">
    <atlas name="arenaunderground"/>
  </map>
  <map name="009-3.tmx">
    <atlas name="arenaunderground"/>
  </map>
  <map name="009-5.tmx">
    <atlas name="arenaunderground"/>
  </map>
  <map name="013-3.tmx">
    <atlas name="arenaunderground"/>
  </map>
  <map name="025-3.tmx">
    <atlas name="arenaunderground"/>
  </map>
  <map name="025-4.tmx">
    <atlas name="arenaunderground"/>
  </map>
  <map name="029-3.tmx">
    <atlas name="arenaunderground"/>
  </map>
  <map name="botcheck.tmx">
    <atlas name="arenaunderground"/>
  </map>
  <!-- Desert Underground -->
  <map name="002-3.tmx">
    <atlas name="desertunderground"/>
  </map>
  <map name="002-4.tmx">
    <atlas name="desertunderground"/>
  </map>
  <map name="002-5.tmx">
    <atlas name="desertunderground"/>
  </map>
  <map name="004-3.tmx">
    <atlas name="desertunderground"/>
  </map>
  <map name="004-4.tmx">
    <atlas name="desertunderground"/>
  </map>
  <map name="004-5.tmx">
    <atlas name="desertunderground"/>
  </map>
  <map name="005-3.tmx">
    <atlas name="desertunderground"/>
  </map>
  <map name="006-3.tmx">
    <atlas name="desertunderground"/>
  </map>
  <map name="021-3.tmx">
    <atlas name="desertunderground"/>
  </map>
  <map name="032-3.tmx">
    <atlas name="desertunderground"/>
  </map>
  <map name="043-3.tmx">
    <atlas name="desertunderground"/>
  </map>
  <map name="043-4.tmx">
    <atlas name="desertunderground"/>
  </map>
  <!-- Woodland Underground -->
  <map name="009-4.tmx">
    <atlas name="woodlandunderground"/>
  </map>
  <map name="009-6.tmx">
    <atlas name="woodlandunderground"/>
  </map>
  <map name="011-3.tmx">
    <atlas name="woodlandunderground"/>
  </map>
  <map name="011-4.tmx">
    <atlas name="woodlandunderground"/>
  </map>
  <map name="011-6.tmx">
    <atlas name="woodlandunderground"/>
  </map>
  <map name="012-3.tmx">
    <atlas name="woodlandunderground"/>
  </map>
  <map name="012-4.tmx">
    <atlas name="woodlandunderground"/>
  </map>
  <map name="014-3.tmx">
    <atlas name="woodlandunderground"/>
  </map>
  <map name="015-3.tmx">
    <atlas name="woodlandunderground"/>
  </map>
  <map name="017-3.tmx">
    <atlas name="woodlandunderground"/>
  </map>
  <map name="017-4.tmx">
    <atlas name="woodlandunderground"/>
  </map>
  <map name="018-3.tmx">
    <atlas name="woodlandunderground"/>
  </map>
  <map name="028-3.tmx">
    <atlas name="woodlandunderground"/>
  </map>
  <map name="051-3.tmx">
    <atlas name="woodlandunderground"/>
  </map>
  <map name="055-3.tmx">
    <atlas name="woodlandunderground"/>
  </map>
  <!-- Snow Underground -->
  <map name="019-3.tmx">
    <atlas name="snowunderground"/>
  </map>
  <map name="019-4.tmx">
    <atlas name="snowunderground"/>
  </map>
  <map name="020-3.tmx">
    <atlas name="snowunderground"/>
  </map>
  <map name="030-3.tmx">
    <atlas name="snowunderground"/>
  </map>
  <map name="031-3.tmx">
    <atlas name="snowunderground"/>
  </map>
  <map name="031-4.tmx">
    <atlas name="snowunderground"/>
  </map>
  <map name="046-3.tmx">
    <atlas name="snowunderground"/>
  </map>
  <!-- Crypt -->
  <map name="027-3.tmx">
    <atlas name="crypt"/>
  </map>
  <map name="027-4.tmx">
    <atlas name="crypt"/>
  </map>
  <map name="027-5.tmx">
    <atlas name="crypt"/>
  </map>
  <map name="027-6.tmx">
    <atlas name="crypt"/>
  </map>
  <map name="027-7.tmx">
    <atlas name="crypt"/>
  </map>
  <map name="027-8.tmx">
    <atlas name="crypt"/>
  </map>
  <!-- Wormhole -->
  <map name="003-1.tmx">
    <atlas name="wormhole"/>
  </map>
  <map name="070-1.tmx">
    <atlas name="wormhole"/>
  </map>
  <map name="070-3.tmx">
    <atlas name="wormhole"/>
  </map>
  <!-- Atlas All -->
  <atlas name="all">
    <file name="graphics/particles/aniblaze-medium.png|W:#746767"/>
    <file name="graphics/particles/aniblaze-medium.png|W:#a831cf"/>
    <file name="graphics/particles/aniblaze.png|W:#BF0019,FF6715,FFE659"/>
    <file name="graphics/particles/bubble_8px.png"/>
    <file name="graphics/particles/electricity.particle.png|W:#0000FF"/>
    <file name="graphics/particles/electricity.particle.png|W:#FF0000"/>
    <file name="graphics/particles/fog-medium-b.png|W:#535cd5"/>
    <file name="graphics/particles/fog-medium-c.png"/>
    <file name="graphics/particles/gloworb-medium.png|W:#00ffff"/>
    <file name="graphics/particles/hot_coals.png"/>
    <file name="graphics/particles/star-medium.png"/>
    <file name="graphics/particles/star-medium.png|W:#ff0000,ffffff"/>
    <file name="graphics/particles/star-medium.png|W:#00ff00,ffffff"/>
    <file name="graphics/particles/mist-face-a.png|W:#855385"/>
    <file name="graphics/particles/mist-face-b.png|W:#5b3558"/>
    <file name="graphics/particles/orb-small.png|W:#e87a54"/>
    <file name="graphics/particles/orb-small.png|W:#f4c874"/>
    <file name="graphics/particles/orb-small.png|W:#00ffff"/>
    <file name="graphics/particles/sparkle.png|W:#99ff66"/>
    <file name="graphics/particles/casket-trap_96x96.png"/>
    <file name="graphics/tiles/arrows.png"/>
  </atlas>
  <!-- Desert Atlas -->
  <atlas name="desert">
    <file name="graphics/images/ambient/sandstorm.png"/>
    <file name="graphics/tiles/desert1.png"/>
    <file name="graphics/tiles/desert2.png"/>
    <file name="graphics/tiles/desert3.png"/>
    <file name="graphics/tiles/desert_castle2.png"/>
    <file name="graphics/tiles/desert_castle.png"/>
    <file name="graphics/tiles/desert_castle_x2.png"/>
    <file name="graphics/tiles/desert_castle_x3.png"/>
    <file name="graphics/tiles/desert_city.png"/>
    <file name="graphics/tiles/desert_city_x2.png"/>
    <file name="graphics/tiles/desert_city_x4.png"/>
    <file name="graphics/tiles/desert_x2.png"/>
    <file name="graphics/tiles/desert_x3.png"/>
    <file name="graphics/tiles/desert_x5.png"/>
    <file name="graphics/tiles/docks.png"/>
    <file name="graphics/tiles/docks_x2.png"/>
    <file name="graphics/tiles/docks_x4.png"/>
    <file name="graphics/tiles/trans_woodland_desert.png"/>
    <file name="graphics/tiles/waterflow.png"/>
    <file name="graphics/tiles/water_overflow.png"/>
    <file name="graphics/tiles/water.png"/>
    <file name="graphics/sprites/npcs/signs.png"/>
  </atlas>
  <!-- Wormhole Atlas -->
  <atlas name="wormhole">
    <file name="graphics/images/ambient/spotlight.png"/>
    <file name="graphics/images/ambient/rain.png"/>
    <file name="graphics/images/ambient/fog.png"/>
    <file name="graphics/tiles/2006__desert1.png"/>
    <file name="graphics/tiles/2006__desert2.png"/>
    <file name="graphics/tiles/2006__desert_x2.png"/>
    <file name="graphics/tiles/2006__desert_x3.png"/>
    <file name="graphics/sprites/npcs/2006__npcs.png"/>
    <file name="graphics/tiles/crypt_x8.png"/>
    <file name="graphics/tiles/crypt_reaper_room.png"/>
    <file name="graphics/tiles/woodland_swamp.png"/>
    <file name="graphics/tiles/woodland_ground.png"/>
    <file name="graphics/tiles/woodland_graveyard_ground.png"/>
    <file name="graphics/tiles/woodland_graveyard_x3.png"/>
    <file name="graphics/tiles/woodland_graveyard_x4.png"/>
    <file name="graphics/tiles/woodland_x2.png"/>
    <file name="graphics/tiles/woodland_x3.png"/>
    <file name="graphics/tiles/woodland_x5.png"/>
    <file name="graphics/tiles/woodland_x8.png"/>
    <file name="graphics/tiles/woodland_graveyard_crypt.png"/>
    <file name="graphics/particles/soulpool.png"/>
    <file name="graphics/particles/fountain-blood.png"/>
    <file name="graphics/particles/lightning-map.png"/>
  </atlas>
  <atlas name="illia">
    <file name="graphics/tiles/desert1.png"/>
    <file name="graphics/tiles/desert2.png"/>
    <file name="graphics/tiles/desert_city.png"/>
    <file name="graphics/tiles/desert_x2.png"/>
    <file name="graphics/tiles/desert_x3.png"/>
    <file name="graphics/tiles/desert_x5.png"/>
    <file name="graphics/tiles/docks.png"/>
    <file name="graphics/tiles/trans_woodland_desert.png"/>
    <file name="graphics/tiles/water_overflow.png"/>
    <file name="graphics/tiles/woodland_ground.png"/>
    <file name="graphics/tiles/woodland_x2.png"/>
    <file name="graphics/tiles/woodland_x3.png"/>
    <file name="graphics/tiles/woodland_village.png"/>
    <file name="graphics/tiles/woodland_village_x2.png"/>
    <file name="graphics/tiles/soulmenhirs_x2.png"/>
  </atlas>
  <!-- Woodland Atlas -->
  <atlas name="woodland">
    <file name="graphics/images/ambient/clouds.png"/>
    <file name="graphics/images/ambient/fog.png"/>
    <file name="graphics/tiles/forest_cover.png"/>
    <file name="graphics/tiles/forest.png"/>
    <file name="graphics/tiles/mushrooms.png"/>
    <file name="graphics/tiles/power_circle_x2.png"/>
    <file name="graphics/tiles/soulmenhirs_x2.png"/>
    <file name="graphics/tiles/woodenpump.png"/>
    <file name="graphics/tiles/woodland_graveyard_crypt.png"/>
    <file name="graphics/tiles/woodland_graveyard_ground.png"/>
    <file name="graphics/tiles/woodland_graveyard_x3.png"/>
    <file name="graphics/tiles/woodland_graveyard_x4.png"/>
    <file name="graphics/tiles/woodland_ground.png"/>
    <file name="graphics/tiles/woodland_indoor.png"/>
    <file name="graphics/tiles/woodland_swamp.png"/>
    <file name="graphics/tiles/woodland_village.png"/>
    <file name="graphics/tiles/woodland_village_x2.png"/>
    <file name="graphics/tiles/woodland_village_x3.png"/>
    <file name="graphics/tiles/woodland_water.png"/>
    <file name="graphics/tiles/woodland_x2.png"/>
    <file name="graphics/tiles/woodland_x3.png"/>
    <file name="graphics/tiles/woodland_x4.png"/>
    <file name="graphics/tiles/woodland_x5.png"/>
    <file name="graphics/tiles/woodland_x8.png"/>
    <file name="graphics/tiles/desert1.png"/>
    <file name="graphics/tiles/trans_woodland_desert.png"/>
    <file name="graphics/tiles/snow_village2.png"/>
    <file name="graphics/tiles/snow.png"/>
    <file name="graphics/tiles/snow_tree_x3.png"/>
    <file name="graphics/tiles/docks.png"/>
    <file name="graphics/tiles/docks_x2.png"/>
    <file name="graphics/tiles/docks_x4.png"/>
  </atlas>
  <atlas name="tropical">
    <file name="graphics/tiles/trans_woodland_desert.png"/>
    <file name="graphics/tiles/woodland_ground.png"/>
    <file name="graphics/tiles/woodland_x2.png"/>
    <file name="graphics/tiles/woodland_x3.png"/>
    <file name="graphics/tiles/waterflow.png"/>
    <file name="graphics/tiles/water_overflow.png"/>
    <file name="graphics/tiles/water.png"/>
    <file name="graphics/tiles/woodland_village.png"/>
    <file name="graphics/tiles/woodland_village_x2.png"/>
    <file name="graphics/tiles/woodland_village_x3.png"/>
    <file name="graphics/tiles/docks.png"/>
    <file name="graphics/tiles/docks_x2.png"/>
    <file name="graphics/tiles/desert_x5.png"/>
  </atlas>
  <!-- Snow Atlas -->
  <atlas name="snow">
    <file name="graphics/images/ambient/snow.png"/>
    <file name="graphics/tiles/barbarians_outdoor.png"/>
    <file name="graphics/tiles/barbarians_yurt_x4.png"/>
    <file name="graphics/tiles/snow_docks.png"/>
    <file name="graphics/tiles/snow_ground.png"/>
    <file name="graphics/tiles/snow_tree_x3.png"/>
    <file name="graphics/tiles/snow.png"/>
    <file name="graphics/tiles/snow_village2.png"/>
    <file name="graphics/tiles/snow_village.png"/>
    <file name="graphics/tiles/snow_x2.png"/>
    <file name="graphics/tiles/snow_x3.png"/>
    <file name="graphics/tiles/snow_x4.png"/>
    <file name="graphics/tiles/snow_village_x3.png"/>
    <file name="graphics/tiles/snow_village_x4.png"/>
  </atlas>
  <!-- Crypt -->
  <atlas name="crypt">
    <file name="graphics/tiles/crypt1.png"/>
    <file name="graphics/tiles/crypt2.png"/>
    <file name="graphics/tiles/crypt2_x4.png"/>
    <file name="graphics/tiles/crypt_blockwall.png"/>
    <file name="graphics/tiles/crypt_fringe2_x3.png"/>
    <file name="graphics/tiles/crypt_fringe_x3.png"/>
    <file name="graphics/tiles/crypt_x4.png"/>
    <file name="graphics/tiles/woodland_indoor.png"/>
    <file name="graphics/tiles/woodland_indoor_x3.png"/>
  </atlas>
  <!-- Ship -->
  <atlas name="ship">
    <file name="graphics/tiles/woodland_indoor.png"/>
    <file name="graphics/tiles/woodland_indoor_x2.png"/>
    <file name="graphics/tiles/woodland_indoor_x3.png"/>
    <file name="graphics/tiles/inn_x3.png"/>
  </atlas>
  <!-- Interior Atlas -->
  <atlas name="interiordesert">
    <file name="graphics/tiles/barbarians_outdoor.png"/>
    <file name="graphics/tiles/cave2_bilevel.png"/>
    <file name="graphics/tiles/cave2.png"/>
    <file name="graphics/tiles/cave2_sewer_mine.png"/>
    <file name="graphics/tiles/cave2_sewer_mine_x4.png"/>
    <file name="graphics/tiles/cave2_x2.png"/>
    <file name="graphics/tiles/desert_castle_interior.png"/>
    <file name="graphics/tiles/desert_castle_interior_x2.png"/>
    <file name="graphics/tiles/desert_castle_interior_x4.png"/>
    <file name="graphics/tiles/desert_castle_interior_x5.png"/>
    <file name="graphics/tiles/desert_city_indoors.png"/>
    <file name="graphics/tiles/desert_city_indoors_x3.png"/>
    <file name="graphics/tiles/desert_city_x2.png"/>
    <file name="graphics/tiles/inn2.png"/>
    <file name="graphics/tiles/inn.png"/>
    <file name="graphics/tiles/inn_x2.png"/>
    <file name="graphics/tiles/inn_x3.png"/>
    <file name="graphics/tiles/inn_x4.png"/>
    <file name="graphics/tiles/wood_lab.png"/>
    <file name="graphics/tiles/woodland_indoor.png"/>
    <file name="graphics/tiles/woodland_indoor_x2.png"/>
    <file name="graphics/tiles/woodland_indoor_x3.png"/>
  </atlas>
  <atlas name="interiorwoodland">
    <file name="graphics/tiles/woodland_indoor.png"/>
    <file name="graphics/tiles/woodland_indoor_x2.png"/>
    <file name="graphics/tiles/woodland_indoor_x3.png"/>
    <file name="graphics/tiles/pots_x2.png"/>
    <file name="graphics/tiles/woodland_village.png"/>
    <file name="graphics/tiles/witch_sisters_picture_x3.png"/>
    <file name="graphics/tiles/cave2_sewer_mine_x4.png"/>
    <file name="graphics/tiles/wood_lab_small.png"/>
  </atlas>
  <atlas name="interiorsnow">
    <file name="graphics/tiles/inn2.png"/>
    <file name="graphics/tiles/inn.png"/>
    <file name="graphics/tiles/inn_x2.png"/>
    <file name="graphics/tiles/inn_x3.png"/>
    <file name="graphics/tiles/inn_x4.png"/>
    <file name="graphics/tiles/woodland_indoor.png"/>
    <file name="graphics/tiles/woodland_indoor_x2.png"/>
    <file name="graphics/tiles/woodland_indoor_x3.png"/>
  </atlas>
  <!-- Underground Atlas -->
  <atlas name="desertunderground">
    <file name="graphics/images/ambient/spotlight.png"/>
    <file name="graphics/tiles/barbarians_outdoor.png"/>
    <file name="graphics/tiles/cave2_bilevel.png"/>
    <file name="graphics/tiles/cave2_bilevel_water_lava.png"/>
    <file name="graphics/tiles/cave2.png"/>
    <file name="graphics/tiles/cave2_sewer_mine.png"/>
    <file name="graphics/tiles/cave2_sewer_mine_x2.png"/>
    <file name="graphics/tiles/cave2_sewer_mine_x3.png"/>
    <file name="graphics/tiles/cave2_sewer_mine_x4.png"/>
    <file name="graphics/tiles/cave2_sewers.png"/>
    <file name="graphics/tiles/cave2_transistions.png"/>
    <file name="graphics/tiles/cave2_x2.png"/>
    <file name="graphics/tiles/inn.png"/>
    <file name="graphics/tiles/woodland_ground.png"/>
    <file name="graphics/tiles/woodland_indoor.png"/>
    <file name="graphics/tiles/woodland_indoor_x2.png"/>
    <file name="graphics/tiles/woodland_indoor_x3.png"/>
  </atlas>
  <atlas name="woodlandunderground">
    <file name="graphics/images/ambient/spotlight.png"/>
    <file name="graphics/tiles/barbarians_outdoor.png"/>
    <file name="graphics/tiles/cave_ani_wetwall.png"/>
    <file name="graphics/tiles/cave_bilevel.png"/>
    <file name="graphics/tiles/cave.png"/>
    <file name="graphics/tiles/cave_x2.png"/>
    <file name="graphics/tiles/desert2.png"/>
    <file name="graphics/tiles/evil_obelisk.png"/>
    <file name="graphics/tiles/icecave.png"/>
    <file name="graphics/tiles/inn.png"/>
    <file name="graphics/tiles/inn_x2.png"/>
    <file name="graphics/tiles/mushrooms.png"/>
    <file name="graphics/tiles/pots_x2.png"/>
    <file name="graphics/tiles/woodland_ground.png"/>
    <file name="graphics/tiles/woodland_indoor.png"/>
    <file name="graphics/tiles/woodland_indoor_x2.png"/>
    <file name="graphics/tiles/woodland_indoor_x3.png"/>
    <file name="graphics/tiles/woodland_village.png"/>
    <file name="graphics/tiles/woodland_village_x2.png"/>
    <file name="graphics/tiles/woodland_x2.png"/>
    <file name="graphics/tiles/woodland_x3.png"/>
  </atlas>
  <atlas name="snowunderground">
    <file name="graphics/images/ambient/spotlight.png"/>
    <file name="graphics/tiles/icecave.png"/>
  </atlas>
  <atlas name="arenaunderground">
    <file name="graphics/images/ambient/spotlight.png"/>
    <file name="graphics/tiles/arena.png"/>
    <file name="graphics/tiles/cave2.png"/>
    <file name="graphics/tiles/cave_bilevel.png"/>
    <file name="graphics/tiles/cave.png"/>
    <file name="graphics/tiles/cave_x2.png"/>
    <file name="graphics/tiles/woodland_ground.png"/>
    <file name="graphics/tiles/woodland_indoor.png"/>
    <file name="graphics/tiles/woodland_indoor_x2.png"/>
    <file name="graphics/tiles/woodland_indoor_x3.png"/>
    <file name="graphics/tiles/woodland_village.png"/>
    <file name="graphics/tiles/woodland_village_x2.png"/>
  </atlas>
  <atlas name="ignored">
    <file name="graphics/tiles/collision.png"/>
  </atlas>
</maps>
